{
  "best_model": "logistic_regression",
  "selected_threshold": 0.85,
  "validation_results": {
    "logistic_regression": {
      "validation_metrics": {
        "threshold": 0.85,
        "accuracy": 0.94360602886583,
        "precision": 0.5569330046734755,
        "recall": 0.6046648039559243,
        "f1": 0.5798182186394109,
        "roc_auc": 0.9442652397481411
      },
      "threshold_sensitivity": {
        "0.3": {
          "threshold": 0.3,
          "accuracy": 0.7774177213123339,
          "precision": 0.21821178820694864,
          "recall": 0.9520949247946847,
          "f1": 0.35504937940472786,
          "roc_auc": 0.9442652397481411
        },
        "0.5": {
          "threshold": 0.5,
          "accuracy": 0.8564308812067372,
          "precision": 0.29478593932533986,
          "recall": 0.8842230656111507,
          "f1": 0.4421620630172463,
          "roc_auc": 0.9442652397481411
        },
        "0.7": {
          "threshold": 0.7,
          "accuracy": 0.9120983531224267,
          "precision": 0.40380757406568324,
          "recall": 0.7682426461323074,
          "f1": 0.5293667351149567,
          "roc_auc": 0.9442652397481411
        },
        "0.85": {
          "threshold": 0.85,
          "accuracy": 0.94360602886583,
          "precision": 0.5569330046734755,
          "recall": 0.6046648039559243,
          "f1": 0.5798182186394109,
          "roc_auc": 0.9442652397481411
        }
      }
    },
    "random_forest": {
      "validation_metrics": {
        "threshold": 0.69,
        "accuracy": 0.9428649065135936,
        "precision": 0.550480769153035,
        "recall": 0.6112536512148757,
        "f1": 0.5792776286370246,
        "roc_auc": 0.944886743400504
      },
      "threshold_sensitivity": {
        "0.3": {
          "threshold": 0.3,
          "accuracy": 0.8154974356142262,
          "precision": 0.24978676852780343,
          "recall": 0.9320146644007361,
          "f1": 0.39398315953008695,
          "roc_auc": 0.944886743400504
        },
        "0.5": {
          "threshold": 0.5,
          "accuracy": 0.903002828912009,
          "precision": 0.3796772003932468,
          "recall": 0.8004812926989805,
          "f1": 0.5150570842104085,
          "roc_auc": 0.944886743400504
        },
        "0.7": {
          "threshold": 0.7,
          "accuracy": 0.9437415557211577,
          "precision": 0.5587036184771182,
          "recall": 0.5983136795094272,
          "f1": 0.5778306310683404,
          "roc_auc": 0.944886743400504
        },
        "0.85": {
          "threshold": 0.85,
          "accuracy": 0.9495918702272333,
          "precision": 0.7268702920763459,
          "recall": 0.3470566522791702,
          "f1": 0.46979949899774304,
          "roc_auc": 0.944886743400504
        }
      }
    }
  },
  "test_metrics": {
    "threshold": 0.85,
    "accuracy": 0.946075630752416,
    "precision": 0.5786593241487455,
    "recall": 0.6064066462685849,
    "f1": 0.5922081451136657,
    "roc_auc": 0.9486936943636252
  }
}